"Resident Population.age-specific baseline mortality rate[male, age]",1.99375,1.99375,0.14375,0.14375,0.14375,0.14375,0.1,0.1,0.1,0.1,0.1,0.128571429,0.128571429,0.128571429,0.128571429,0.128571429,0.24375,0.24375,0.24375,0.24375,0.24375,0.375,0.375,0.375,0.375,0.375,0.38125,0.38125,0.38125,0.38125,0.38125,0.4625,0.4625,0.4625,0.4625,0.4625,0.65,0.65,0.65,0.65,0.65,1.075,1.075,1.075,1.075,1.075,1.8125,1.8125,1.8125,1.8125,1.8125,3.04375,3.04375,3.04375,3.04375,3.04375,5.13125,5.13125,5.13125,5.13125,5.13125,8.34375,8.34375,8.34375,8.34375,8.34375,13.56875,13.56875,13.56875,13.56875,13.56875,22.76875,22.76875,22.76875,22.76875,22.76875,38.46875,38.46875,38.46875,38.46875,38.46875,66.38125,66.38125,66.38125,66.38125,66.38125,110.475,110.475,110.475,110.475,110.475,173.4125,173.4125,173.4125,173.4125,173.4125,173.4125,173.4125,173.4125,173.4125,173.4125,173.4125
"Resident Population.age-specific baseline mortality rate[female, age]",1.9375,1.9375,0.113333333,0.113333333,0.113333333,0.113333333,0.1,0.1,0.1,0.1,0.1,0.1,0.1,0.1,0.1,0.1,0.1625,0.1625,0.1625,0.1625,0.1625,0.175,0.175,0.175,0.175,0.175,0.18125,0.18125,0.18125,0.18125,0.18125,0.2625,0.2625,0.2625,0.2625,0.2625,0.39375,0.39375,0.39375,0.39375,0.39375,0.63125,0.63125,0.63125,0.63125,0.63125,1.08125,1.08125,1.08125,1.08125,1.08125,1.80625,1.80625,1.80625,1.80625,1.80625,2.85625,2.85625,2.85625,2.85625,2.85625,4.4375,4.4375,4.4375,4.4375,4.4375,7.2,7.2,7.2,7.2,7.2,12.15,12.15,12.15,12.15,12.15,22.90625,22.90625,22.90625,22.90625,22.90625,43.20625,43.20625,43.20625,43.20625,43.20625,78.55,78.55,78.55,78.55,78.55,154.11875,154.11875,154.11875,154.11875,154.11875,154.11875,154.11875,154.11875,154.11875,154.11875,154.11875
Resident Population.fertility rate[age],0,0,0,0,0,0,0,0,0,0,0,0,0,0,0,0,2.89375,2.89375,2.89375,2.89375,2.89375,15.60625,15.60625,15.60625,15.60625,15.60625,59.85625,59.85625,59.85625,59.85625,59.85625,89.74375,89.74375,89.74375,89.74375,89.74375,47.90625,47.90625,47.90625,47.90625,47.90625,8.8625,8.8625,8.8625,8.8625,8.8625,0.4125,0.4125,0.4125,0.4125,0.4125,0,0,0,0,0,0,0,0,0,0,0,0,0,0,0,0,0,0,0,0,0,0,0,0,0,0,0,0,0,0,0,0,0,0,0,0,0,0,0,0,0,0,0,0,0,0,0,0,0,0,0
Resident Population.gender proportion of babies[gender],0.48,0.52,,,,,,,,,,,,,,,,,,,,,,,,,,,,,,,,,,,,,,,,,,,,,,,,,,,,,,,,,,,,,,,,,,,,,,,,,,,,,,,,,,,,,,,,,,,,,,,,,,,,
"Resident Population.resident population[Chinese, male, age]",0,11690,13107,13950,13455,13487,13571,13356,14338,14505,17005,16697,15834,17430,18070,18586,18931,19051,19018,18352,19485,18320,20385,18161,15176,16447,17921,17645,19421,20061,19949,20134,20515,19805,21675,20834,20944,22355,23515,22760,22362,21187,20958,22171,22038,23786,23840,24638,24439,23844,24238,24103,24187,23577,23634,22634,21785,21675,20195,19017,18028,17950,17426,16157,15756,10845,8246,10067,8737,8412,9557,9180,8616,6932,5621,5579,5823,4989,4479,4093,3593,3222,2843,2371,2108,1639,1394,1157,989,801,693,542,432,357,276,193,174,120,88,79,67,203
"Resident Population.resident population[Chinese, female, age]",0,11185,12384,13323,12864,12868,13017,12598,13749,13769,15956,15514,14790,16486,16984,17635,17837,18448,17940,18052,19025,17704,20184,17837,15012,16495,18214,18512,20599,21441,21808,21914,22664,22086,24153,22899,23075,24651,25686,24861,24551,23386,23104,23577,22871,24255,23859,24781,24285,23825,23812,23940,23963,23559,23628,22693,21867,21018,19889,19097,18006,18164,17480,16789,16480,11286,8727,10866,9102,9420,10901,10600,10107,7923,6421,6368,7385,6493,5913,5605,5138,4929,4737,4232,3762,3205,2595,2384,2188,1861,1610,1405,1142,985,791,631,503,392,343,235,168,446
"Resident Population.resident population[Malay, male, age]",0,3016,3261,3308,3458,3453,3440,3484,3725,4089,4322,4246,4489,4484,4593,4710,4781,5098,5044,4937,5210,5001,4811,4588,4053,4204,4025,3816,3902,3638,3514,3159,2849,2801,2766,2764,3079,3090,3456,3295,3227,3004,3332,3800,4053,4306,4290,4614,4405,4453,4326,4252,4009,3804,3545,3355,3172,3097,2642,2343,2143,2104,1907,1861,1945,1114,845,1059,782,734,917,932,892,773,705,681,802,634,555,434,379,407,405,347,310,237,211,158,149,136,71,71,50,50,40,14,6,7,7,8,3,12
"Resident Population.resident population[Malay, female, age]",0,2906,3096,3260,3159,3286,3233,3416,3534,3723,3912,4111,3951,4357,4258,4390,4508,4713,4732,4866,4738,4897,4567,4361,4034,3993,4005,3732,3851,3590,3580,3241,3157,3058,2967,3045,3225,3315,3523,3526,3463,3248,3609,3798,4299,4520,4473,4630,4462,4433,4331,4186,3965,3828,3559,3433,3268,3108,2807,2625,2330,2325,2081,2039,2053,1179,991,1244,1009,973,1108,1112,1129,922,680,888,1117,953,740,637,501,536,472,426,376,201,230,164,179,163,76,66,54,55,40,10,13,10,14,12,4,10
"Resident Population.resident population[Indian, male, age]",0,1447,2236,2739,2874,2820,2698,2782,2634,2630,2569,2581,2434,2388,2326,2291,2301,2311,2336,2176,2190,2171,2158,2120,2101,2071,2186,2314,2680,3037,3364,3554,3665,3806,4055,3910,4195,4027,4034,4132,3911,3636,3564,3412,3433,3337,3146,3140,2864,2776,2773,2743,2556,2390,2133,2106,1848,1757,1745,1541,1369,1451,1284,1247,1212,734,613,653,573,655,638,656,504,434,390,398,418,398,439,410,378,369,328,257,228,224,181,149,99,93,60,54,57,44,32,35,23,17,9,19,4,37
"Resident Population.resident population[Indian, female, age]",0,1480,2274,2812,2888,2855,2812,2697,2668,2571,2494,2416,2458,2421,2339,2292,2265,2357,2273,2293,2267,2192,2154,2265,2168,2288,2683,2797,3236,3366,3663,3778,3553,3414,3396,3284,3198,3089,2962,2840,2697,2547,2529,2502,2545,2588,2533,2594,2555,2448,2422,2363,2152,2100,1965,1935,1848,1697,1544,1540,1419,1449,1390,1220,1273,749,648,653,603,674,666,714,657,592,515,514,531,423,403,358,289,309,251,236,185,128,121,98,100,64,46,36,30,22,23,7,6,6,5,8,2,7
"Resident Population.resident population[Other, male, age]",0,540,945,1052,1066,986,1046,1076,997,974,974,939,861,836,768,708,653,584,552,488,505,458,466,420,390,441,531,623,667,928,1077,1249,1263,1294,1457,1493,1559,1549,1654,1618,1556,1549,1307,1445,1338,1339,1219,1158,1131,1009,934,873,770,743,669,638,580,533,483,439,430,442,368,389,372,232,199,184,169,139,142,153,119,118,106,98,80,83,85,68,74,67,59,39,40,32,31,26,18,19,11,8,11,7,2,4,1,2,1,2,2,6
"Resident Population.resident population[Other, female, age]",0,524,1047,1118,1105,1108,1098,1063,1053,1030,1067,961,1004,962,878,824,750,670,687,714,612,550,608,628,612,699,883,1079,1235,1410,1656,1685,1820,1803,1905,1817,1894,1847,1804,1764,1735,1637,1518,1350,1369,1194,1088,1041,946,864,840,781,669,581,551,472,456,395,367,328,265,310,261,266,258,147,108,108,135,124,130,131,122,104,118,114,107,104,86,77,104,74,77,70,65,36,31,35,31,34,25,20,16,14,8,10,7,10,4,7,4,3
"Resident Population.net migration rate[Chinese, male, age]",0,0.0059,0.0059,0.0059,0.0059,0.0059,0.0059,0.0059,0.0059,0.0059,0.0059,0.0059,0.0059,0.0059,0.0059,0.0059,0.0059,0.0059,0.0059,0.0059,0.0059,0.0059,0.0059,0.0059,0.0059,0.0059,0.0059,0.0059,0.0059,0.0059,0.0059,0.0059,0.0059,0.0059,0.0059,0.0059,0.0059,0.0059,0.0059,0.0059,0.0059,0.0059,0.0059,0.0059,0.0059,0.0059,0.0059,0.0059,0.0059,0.0059,0.0059,0,0,0,0,0,0,0,0,0,0,0,0,0,0,0,0,0,0,0,0,0,0,0,0,0,0,0,0,0,0,0,0,0,0,0,0,0,0,0,0,0,0,0,0,0,0,0,0,0,0,0
"Resident Population.net migration rate[Chinese, female, age]",0,0.0059,0.0059,0.0059,0.0059,0.0059,0.0059,0.0059,0.0059,0.0059,0.0059,0.0059,0.0059,0.0059,0.0059,0.0059,0.0059,0.0059,0.0059,0.0059,0.0059,0.0059,0.0059,0.0059,0.0059,0.0059,0.0059,0.0059,0.0059,0.0059,0.0059,0.0059,0.0059,0.0059,0.0059,0.0059,0.0059,0.0059,0.0059,0.0059,0.0059,0.0059,0.0059,0.0059,0.0059,0.0059,0.0059,0.0059,0.0059,0.0059,0.0059,0,0,0,0,0,0,0,0,0,0,0,0,0,0,0,0,0,0,0,0,0,0,0,0,0,0,0,0,0,0,0,0,0,0,0,0,0,0,0,0,0,0,0,0,0,0,0,0,0,0,0
"Resident Population.net migration rate[Malay, male, age]",0,0.0059,0.0059,0.0059,0.0059,0.0059,0.0059,0.0059,0.0059,0.0059,0.0059,0.0059,0.0059,0.0059,0.0059,0.0059,0.0059,0.0059,0.0059,0.0059,0.0059,0.0059,0.0059,0.0059,0.0059,0.0059,0.0059,0.0059,0.0059,0.0059,0.0059,0.0059,0.0059,0.0059,0.0059,0.0059,0.0059,0.0059,0.0059,0.0059,0.0059,0.0059,0.0059,0.0059,0.0059,0.0059,0.0059,0.0059,0.0059,0.0059,0.0059,0,0,0,0,0,0,0,0,0,0,0,0,0,0,0,0,0,0,0,0,0,0,0,0,0,0,0,0,0,0,0,0,0,0,0,0,0,0,0,0,0,0,0,0,0,0,0,0,0,0,0
"Resident Population.net migration rate[Malay, female, age]",0,0.0059,0.0059,0.0059,0.0059,0.0059,0.0059,0.0059,0.0059,0.0059,0.0059,0.0059,0.0059,0.0059,0.0059,0.0059,0.0059,0.0059,0.0059,0.0059,0.0059,0.0059,0.0059,0.0059,0.0059,0.0059,0.0059,0.0059,0.0059,0.0059,0.0059,0.0059,0.0059,0.0059,0.0059,0.0059,0.0059,0.0059,0.0059,0.0059,0.0059,0.0059,0.0059,0.0059,0.0059,0.0059,0.0059,0.0059,0.0059,0.0059,0.0059,0,0,0,0,0,0,0,0,0,0,0,0,0,0,0,0,0,0,0,0,0,0,0,0,0,0,0,0,0,0,0,0,0,0,0,0,0,0,0,0,0,0,0,0,0,0,0,0,0,0,0
"Resident Population.net migration rate[Indian, male, age]",0,0.0059,0.0059,0.0059,0.0059,0.0059,0.0059,0.0059,0.0059,0.0059,0.0059,0.0059,0.0059,0.0059,0.0059,0.0059,0.0059,0.0059,0.0059,0.0059,0.0059,0.0059,0.0059,0.0059,0.0059,0.0059,0.0059,0.0059,0.0059,0.0059,0.0059,0.0059,0.0059,0.0059,0.0059,0.0059,0.0059,0.0059,0.0059,0.0059,0.0059,0.0059,0.0059,0.0059,0.0059,0.0059,0.0059,0.0059,0.0059,0.0059,0.0059,0,0,0,0,0,0,0,0,0,0,0,0,0,0,0,0,0,0,0,0,0,0,0,0,0,0,0,0,0,0,0,0,0,0,0,0,0,0,0,0,0,0,0,0,0,0,0,0,0,0,0
"Resident Population.net migration rate[Indian, female, age]",0,0.0059,0.0059,0.0059,0.0059,0.0059,0.0059,0.0059,0.0059,0.0059,0.0059,0.0059,0.0059,0.0059,0.0059,0.0059,0.0059,0.0059,0.0059,0.0059,0.0059,0.0059,0.0059,0.0059,0.0059,0.0059,0.0059,0.0059,0.0059,0.0059,0.0059,0.0059,0.0059,0.0059,0.0059,0.0059,0.0059,0.0059,0.0059,0.0059,0.0059,0.0059,0.0059,0.0059,0.0059,0.0059,0.0059,0.0059,0.0059,0.0059,0.0059,0,0,0,0,0,0,0,0,0,0,0,0,0,0,0,0,0,0,0,0,0,0,0,0,0,0,0,0,0,0,0,0,0,0,0,0,0,0,0,0,0,0,0,0,0,0,0,0,0,0,0
"Resident Population.net migration rate[Other, male, age]",0,0.0059,0.0059,0.0059,0.0059,0.0059,0.0059,0.0059,0.0059,0.0059,0.0059,0.0059,0.0059,0.0059,0.0059,0.0059,0.0059,0.0059,0.0059,0.0059,0.0059,0.0059,0.0059,0.0059,0.0059,0.0059,0.0059,0.0059,0.0059,0.0059,0.0059,0.0059,0.0059,0.0059,0.0059,0.0059,0.0059,0.0059,0.0059,0.0059,0.0059,0.0059,0.0059,0.0059,0.0059,0.0059,0.0059,0.0059,0.0059,0.0059,0.0059,0,0,0,0,0,0,0,0,0,0,0,0,0,0,0,0,0,0,0,0,0,0,0,0,0,0,0,0,0,0,0,0,0,0,0,0,0,0,0,0,0,0,0,0,0,0,0,0,0,0,0
"Resident Population.net migration rate[Other, female, age]",0,0.0059,0.0059,0.0059,0.0059,0.0059,0.0059,0.0059,0.0059,0.0059,0.0059,0.0059,0.0059,0.0059,0.0059,0.0059,0.0059,0.0059,0.0059,0.0059,0.0059,0.0059,0.0059,0.0059,0.0059,0.0059,0.0059,0.0059,0.0059,0.0059,0.0059,0.0059,0.0059,0.0059,0.0059,0.0059,0.0059,0.0059,0.0059,0.0059,0.0059,0.0059,0.0059,0.0059,0.0059,0.0059,0.0059,0.0059,0.0059,0.0059,0.0059,0,0,0,0,0,0,0,0,0,0,0,0,0,0,0,0,0,0,0,0,0,0,0,0,0,0,0,0,0,0,0,0,0,0,0,0,0,0,0,0,0,0,0,0,0,0,0,0,0,0,0
Frail Population.age as a number[age],0,0,1,2,3,4,5,6,7,8,9,10,11,12,13,14,15,16,17,18,19,20,21,22,23,24,25,26,27,28,29,30,31,32,33,34,35,36,37,38,39,40,41,42,43,44,45,46,47,48,49,50,51,52,53,54,55,56,57,58,59,60,61,62,63,64,65,66,67,68,69,70,71,72,73,74,75,76,77,78,79,80,81,82,83,84,85,86,87,88,89,90,91,92,93,94,95,96,97,98,99,100
"Frail Population.frail diagnosed[Chinese, male, age]",0,0,0,0,0,0,0,0,0,0,0,0,0,0,0,0,0,0,0,0,0,0,0,0,0,0,0,0,0,0,0,0,0,0,0,0,0,0,0,0,0,0,0,0,0,0,0,0,0,0,0,0,0,0,0,0,0,0,0,0,0,0,0,0,0,0,0,0,0,0,0,0,0,0,0,0,0,0,0,0,0,0,0,0,0,0,0,0,0,0,0,0,0,0,0,0,0,0,0,0,0,0
"Frail Population.frail diagnosed[Chinese, female, age]",0,0,0,0,0,0,0,0,0,0,0,0,0,0,0,0,0,0,0,0,0,0,0,0,0,0,0,0,0,0,0,0,0,0,0,0,0,0,0,0,0,0,0,0,0,0,0,0,0,0,0,0,0,0,0,0,0,0,0,0,0,0,0,0,0,0,0,0,0,0,0,0,0,0,0,0,0,0,0,0,0,0,0,0,0,0,0,0,0,0,0,0,0,0,0,0,0,0,0,0,0,0
"Frail Population.frail diagnosed[Malay, male, age]",0,0,0,0,0,0,0,0,0,0,0,0,0,0,0,0,0,0,0,0,0,0,0,0,0,0,0,0,0,0,0,0,0,0,0,0,0,0,0,0,0,0,0,0,0,0,0,0,0,0,0,0,0,0,0,0,0,0,0,0,0,0,0,0,0,0,0,0,0,0,0,0,0,0,0,0,0,0,0,0,0,0,0,0,0,0,0,0,0,0,0,0,0,0,0,0,0,0,0,0,0,0
"Frail Population.frail diagnosed[Malay, female, age]",0,0,0,0,0,0,0,0,0,0,0,0,0,0,0,0,0,0,0,0,0,0,0,0,0,0,0,0,0,0,0,0,0,0,0,0,0,0,0,0,0,0,0,0,0,0,0,0,0,0,0,0,0,0,0,0,0,0,0,0,0,0,0,0,0,0,0,0,0,0,0,0,0,0,0,0,0,0,0,0,0,0,0,0,0,0,0,0,0,0,0,0,0,0,0,0,0,0,0,0,0,0
"Frail Population.frail diagnosed[Indian, male, age]",0,0,0,0,0,0,0,0,0,0,0,0,0,0,0,0,0,0,0,0,0,0,0,0,0,0,0,0,0,0,0,0,0,0,0,0,0,0,0,0,0,0,0,0,0,0,0,0,0,0,0,0,0,0,0,0,0,0,0,0,0,0,0,0,0,0,0,0,0,0,0,0,0,0,0,0,0,0,0,0,0,0,0,0,0,0,0,0,0,0,0,0,0,0,0,0,0,0,0,0,0,0
"Frail Population.frail diagnosed[Indian, female, age]",0,0,0,0,0,0,0,0,0,0,0,0,0,0,0,0,0,0,0,0,0,0,0,0,0,0,0,0,0,0,0,0,0,0,0,0,0,0,0,0,0,0,0,0,0,0,0,0,0,0,0,0,0,0,0,0,0,0,0,0,0,0,0,0,0,0,0,0,0,0,0,0,0,0,0,0,0,0,0,0,0,0,0,0,0,0,0,0,0,0,0,0,0,0,0,0,0,0,0,0,0,0
"Frail Population.frail diagnosed[Other, male, age]",0,0,0,0,0,0,0,0,0,0,0,0,0,0,0,0,0,0,0,0,0,0,0,0,0,0,0,0,0,0,0,0,0,0,0,0,0,0,0,0,0,0,0,0,0,0,0,0,0,0,0,0,0,0,0,0,0,0,0,0,0,0,0,0,0,0,0,0,0,0,0,0,0,0,0,0,0,0,0,0,0,0,0,0,0,0,0,0,0,0,0,0,0,0,0,0,0,0,0,0,0,0
"Frail Population.frail diagnosed[Other, female, age]",0,0,0,0,0,0,0,0,0,0,0,0,0,0,0,0,0,0,0,0,0,0,0,0,0,0,0,0,0,0,0,0,0,0,0,0,0,0,0,0,0,0,0,0,0,0,0,0,0,0,0,0,0,0,0,0,0,0,0,0,0,0,0,0,0,0,0,0,0,0,0,0,0,0,0,0,0,0,0,0,0,0,0,0,0,0,0,0,0,0,0,0,0,0,0,0,0,0,0,0,0,0
"Frail Population.pre-frail diagnosed[Chinese, male, age]",0,0,0,0,0,0,0,0,0,0,0,0,0,0,0,0,0,0,0,0,0,0,0,0,0,0,0,0,0,0,0,0,0,0,0,0,0,0,0,0,0,0,0,0,0,0,0,0,0,0,0,0,0,0,0,0,0,0,0,0,0,0,0,0,0,0,0,0,0,0,0,0,0,0,0,0,0,0,0,0,0,0,0,0,0,0,0,0,0,0,0,0,0,0,0,0,0,0,0,0,0,0
"Frail Population.pre-frail diagnosed[Chinese, female, age]",0,0,0,0,0,0,0,0,0,0,0,0,0,0,0,0,0,0,0,0,0,0,0,0,0,0,0,0,0,0,0,0,0,0,0,0,0,0,0,0,0,0,0,0,0,0,0,0,0,0,0,0,0,0,0,0,0,0,0,0,0,0,0,0,0,0,0,0,0,0,0,0,0,0,0,0,0,0,0,0,0,0,0,0,0,0,0,0,0,0,0,0,0,0,0,0,0,0,0,0,0,0
"Frail Population.pre-frail diagnosed[Malay, male, age]",0,0,0,0,0,0,0,0,0,0,0,0,0,0,0,0,0,0,0,0,0,0,0,0,0,0,0,0,0,0,0,0,0,0,0,0,0,0,0,0,0,0,0,0,0,0,0,0,0,0,0,0,0,0,0,0,0,0,0,0,0,0,0,0,0,0,0,0,0,0,0,0,0,0,0,0,0,0,0,0,0,0,0,0,0,0,0,0,0,0,0,0,0,0,0,0,0,0,0,0,0,0
"Frail Population.pre-frail diagnosed[Malay, female, age]",0,0,0,0,0,0,0,0,0,0,0,0,0,0,0,0,0,0,0,0,0,0,0,0,0,0,0,0,0,0,0,0,0,0,0,0,0,0,0,0,0,0,0,0,0,0,0,0,0,0,0,0,0,0,0,0,0,0,0,0,0,0,0,0,0,0,0,0,0,0,0,0,0,0,0,0,0,0,0,0,0,0,0,0,0,0,0,0,0,0,0,0,0,0,0,0,0,0,0,0,0,0
"Frail Population.pre-frail diagnosed[Indian, male, age]",0,0,0,0,0,0,0,0,0,0,0,0,0,0,0,0,0,0,0,0,0,0,0,0,0,0,0,0,0,0,0,0,0,0,0,0,0,0,0,0,0,0,0,0,0,0,0,0,0,0,0,0,0,0,0,0,0,0,0,0,0,0,0,0,0,0,0,0,0,0,0,0,0,0,0,0,0,0,0,0,0,0,0,0,0,0,0,0,0,0,0,0,0,0,0,0,0,0,0,0,0,0
"Frail Population.pre-frail diagnosed[Indian, female, age]",0,0,0,0,0,0,0,0,0,0,0,0,0,0,0,0,0,0,0,0,0,0,0,0,0,0,0,0,0,0,0,0,0,0,0,0,0,0,0,0,0,0,0,0,0,0,0,0,0,0,0,0,0,0,0,0,0,0,0,0,0,0,0,0,0,0,0,0,0,0,0,0,0,0,0,0,0,0,0,0,0,0,0,0,0,0,0,0,0,0,0,0,0,0,0,0,0,0,0,0,0,0
"Frail Population.pre-frail diagnosed[Other, male, age]",0,0,0,0,0,0,0,0,0,0,0,0,0,0,0,0,0,0,0,0,0,0,0,0,0,0,0,0,0,0,0,0,0,0,0,0,0,0,0,0,0,0,0,0,0,0,0,0,0,0,0,0,0,0,0,0,0,0,0,0,0,0,0,0,0,0,0,0,0,0,0,0,0,0,0,0,0,0,0,0,0,0,0,0,0,0,0,0,0,0,0,0,0,0,0,0,0,0,0,0,0,0
"Frail Population.pre-frail diagnosed[Other, female, age]",0,0,0,0,0,0,0,0,0,0,0,0,0,0,0,0,0,0,0,0,0,0,0,0,0,0,0,0,0,0,0,0,0,0,0,0,0,0,0,0,0,0,0,0,0,0,0,0,0,0,0,0,0,0,0,0,0,0,0,0,0,0,0,0,0,0,0,0,0,0,0,0,0,0,0,0,0,0,0,0,0,0,0,0,0,0,0,0,0,0,0,0,0,0,0,0,0,0,0,0,0,0
"Frail Population.initial frailty prevalence[Chinese, male, age]",0,0,0,0,0,0,0,0,0,0,0,0,0,0,0,0,0,0,0,0,0,0,0,0,0,0,0,0,0,0,0,0,0,0,0,0,0,0,0,0,0,0,0,0,0,0,0,0,0,0,0,0.003010707,0.006021415,0.009032122,0.012042829,0.015053537,0.018064244,0.021074951,0.024085659,0.027096366,0.030107074,0.033117781,0.033117781,0.033117781,0.033117781,0.033117781,0.033117781,0.033117781,0.033117781,0.033117781,0.033117781,0.033117781,0.033117781,0.033117781,0.033117781,0.033117781,0.108048359,0.108048359,0.108048359,0.108048359,0.108048359,0.108048359,0.108048359,0.108048359,0.108048359,0.108048359,0.257809872,0.257809872,0.257809872,0.257809872,0.257809872,0.257809872,0.257809872,0.257809872,0.257809872,0.257809872,0.257809872,0.257809872,0.257809872,0.257809872,0.257809872,0.257809872
"Frail Population.initial frailty prevalence[Chinese, female, age]",0,0,0,0,0,0,0,0,0,0,0,0,0,0,0,0,0,0,0,0,0,0,0,0,0,0,0,0,0,0,0,0,0,0,0,0,0,0,0,0,0,0,0,0,0,0,0,0,0,0,0,0.003204033,0.006408065,0.009612098,0.01281613,0.016020163,0.019224196,0.022428228,0.025632261,0.028836294,0.032040326,0.035244359,0.035244359,0.035244359,0.035244359,0.035244359,0.035244359,0.035244359,0.035244359,0.035244359,0.035244359,0.035244359,0.035244359,0.035244359,0.035244359,0.035244359,0.109168719,0.109168719,0.109168719,0.109168719,0.109168719,0.109168719,0.109168719,0.109168719,0.109168719,0.109168719,0.252227123,0.252227123,0.252227123,0.252227123,0.252227123,0.252227123,0.252227123,0.252227123,0.252227123,0.252227123,0.252227123,0.252227123,0.252227123,0.252227123,0.252227123,0.252227123
"Frail Population.initial frailty prevalence[Malay, male, age]",0,0,0,0,0,0,0,0,0,0,0,0,0,0,0,0,0,0,0,0,0,0,0,0,0,0,0,0,0,0,0,0,0,0,0,0,0,0,0,0,0,0,0,0,0,0,0,0,0,0,0,0.003773862,0.007547724,0.011321587,0.015095449,0.018869311,0.022643173,0.026417035,0.030190898,0.03396476,0.037738622,0.041512484,0.041512484,0.041512484,0.041512484,0.041512484,0.041512484,0.041512484,0.041512484,0.041512484,0.041512484,0.041512484,0.041512484,0.041512484,0.041512484,0.041512484,0.124747977,0.124747977,0.124747977,0.124747977,0.124747977,0.124747977,0.124747977,0.124747977,0.124747977,0.124747977,0.278953422,0.278953422,0.278953422,0.278953422,0.278953422,0.278953422,0.278953422,0.278953422,0.278953422,0.278953422,0.278953422,0.278953422,0.278953422,0.278953422,0.278953422,0.278953422
"Frail Population.initial frailty prevalence[Malay, female, age]",0,0,0,0,0,0,0,0,0,0,0,0,0,0,0,0,0,0,0,0,0,0,0,0,0,0,0,0,0,0,0,0,0,0,0,0,0,0,0,0,0,0,0,0,0,0,0,0,0,0,0,0.00389386,0.007787719,0.011681579,0.015575439,0.019469298,0.023363158,0.027257018,0.031150877,0.035044737,0.038938597,0.042832456,0.042832456,0.042832456,0.042832456,0.042832456,0.042832456,0.042832456,0.042832456,0.042832456,0.042832456,0.042832456,0.042832456,0.042832456,0.042832456,0.042832456,0.122717623,0.122717623,0.122717623,0.122717623,0.122717623,0.122717623,0.122717623,0.122717623,0.122717623,0.122717623,0.268235308,0.268235308,0.268235308,0.268235308,0.268235308,0.268235308,0.268235308,0.268235308,0.268235308,0.268235308,0.268235308,0.268235308,0.268235308,0.268235308,0.268235308,0.268235308
"Frail Population.initial frailty prevalence[Indian, male, age]",0,0,0,0,0,0,0,0,0,0,0,0,0,0,0,0,0,0,0,0,0,0,0,0,0,0,0,0,0,0,0,0,0,0,0,0,0,0,0,0,0,0,0,0,0,0,0,0,0,0,0,0.003699761,0.007399522,0.011099284,0.014799045,0.018498806,0.022198567,0.025898328,0.029598089,0.033297851,0.036997612,0.040697373,0.040697373,0.040697373,0.040697373,0.040697373,0.040697373,0.040697373,0.040697373,0.040697373,0.040697373,0.040697373,0.040697373,0.040697373,0.040697373,0.040697373,0.126019828,0.126019828,0.126019828,0.126019828,0.126019828,0.126019828,0.126019828,0.126019828,0.126019828,0.126019828,0.286116708,0.286116708,0.286116708,0.286116708,0.286116708,0.286116708,0.286116708,0.286116708,0.286116708,0.286116708,0.286116708,0.286116708,0.286116708,0.286116708,0.286116708,0.286116708
"Frail Population.initial frailty prevalence[Indian, female, age]",0,0,0,0,0,0,0,0,0,0,0,0,0,0,0,0,0,0,0,0,0,0,0,0,0,0,0,0,0,0,0,0,0,0,0,0,0,0,0,0,0,0,0,0,0,0,0,0,0,0,0,0.00387048,0.007740961,0.011611441,0.015481922,0.019352402,0.023222883,0.027093363,0.030963844,0.034834324,0.038704805,0.042575285,0.042575285,0.042575285,0.042575285,0.042575285,0.042575285,0.042575285,0.042575285,0.042575285,0.042575285,0.042575285,0.042575285,0.042575285,0.042575285,0.042575285,0.125411949,0.125411949,0.125411949,0.125411949,0.125411949,0.125411949,0.125411949,0.125411949,0.125411949,0.125411949,0.277303606,0.277303606,0.277303606,0.277303606,0.277303606,0.277303606,0.277303606,0.277303606,0.277303606,0.277303606,0.277303606,0.277303606,0.277303606,0.277303606,0.277303606,0.277303606
"Frail Population.initial frailty prevalence[Other, male, age]",0,0,0,0,0,0,0,0,0,0,0,0,0,0,0,0,0,0,0,0,0,0,0,0,0,0,0,0,0,0,0,0,0,0,0,0,0,0,0,0,0,0,0,0,0,0,0,0,0,0,0,0.003858701,0.007717402,0.011576103,0.015434803,0.019293504,0.023152205,0.027010906,0.030869607,0.034728308,0.038587009,0.042445709,0.042445709,0.042445709,0.042445709,0.042445709,0.042445709,0.042445709,0.042445709,0.042445709,0.042445709,0.042445709,0.042445709,0.042445709,0.042445709,0.042445709,0.139577537,0.139577537,0.139577537,0.139577537,0.139577537,0.139577537,0.139577537,0.139577537,0.139577537,0.139577537,0.32372303,0.32372303,0.32372303,0.32372303,0.32372303,0.32372303,0.32372303,0.32372303,0.32372303,0.32372303,0.32372303,0.32372303,0.32372303,0.32372303,0.32372303,0.32372303
"Frail Population.initial frailty prevalence[Other, female, age]",0,0,0,0,0,0,0,0,0,0,0,0,0,0,0,0,0,0,0,0,0,0,0,0,0,0,0,0,0,0,0,0,0,0,0,0,0,0,0,0,0,0,0,0,0,0,0,0,0,0,0,0.004161625,0.008323249,0.012484874,0.016646499,0.020808124,0.024969748,0.029131373,0.033292998,0.037454622,0.041616247,0.045777872,0.045777872,0.045777872,0.045777872,0.045777872,0.045777872,0.045777872,0.045777872,0.045777872,0.045777872,0.045777872,0.045777872,0.045777872,0.045777872,0.045777872,0.142862077,0.142862077,0.142862077,0.142862077,0.142862077,0.142862077,0.142862077,0.142862077,0.142862077,0.142862077,0.320278941,0.320278941,0.320278941,0.320278941,0.320278941,0.320278941,0.320278941,0.320278941,0.320278941,0.320278941,0.320278941,0.320278941,0.320278941,0.320278941,0.320278941,0.320278941
"Frail Population.Initial prefrailty prevalance[Chinese, male, age]",0,0,0,0,0,0,0,0,0,0,0,0,0,0,0,0,0,0,0,0,0,0,0,0,0,0,0,0,0,0,0,0,0,0,0,0,0,0,0,0,0,0,0,0,0,0,0,0,0,0,0,0.03169298,0.06338596,0.09507894,0.126771921,0.158464901,0.190157881,0.221850861,0.253543841,0.285236821,0.316929801,0.348622782,0.348622782,0.348622782,0.348622782,0.348622782,0.348622782,0.348622782,0.348622782,0.348622782,0.348622782,0.348622782,0.348622782,0.348622782,0.348622782,0.348622782,0.473421406,0.473421406,0.473421406,0.473421406,0.473421406,0.473421406,0.473421406,0.473421406,0.473421406,0.473421406,0.49650418,0.49650418,0.49650418,0.49650418,0.49650418,0.49650418,0.49650418,0.49650418,0.49650418,0.49650418,0.49650418,0.49650418,0.49650418,0.49650418,0.49650418,0.49650418
"Frail Population.Initial prefrailty prevalance[Chinese, female, age]",0,0,0,0,0,0,0,0,0,0,0,0,0,0,0,0,0,0,0,0,0,0,0,0,0,0,0,0,0,0,0,0,0,0,0,0,0,0,0,0,0,0,0,0,0,0,0,0,0,0,0,0.038072712,0.076145425,0.114218137,0.152290849,0.190363562,0.228436274,0.266508986,0.304581698,0.342654411,0.380727123,0.418799835,0.418799835,0.418799835,0.418799835,0.418799835,0.418799835,0.418799835,0.418799835,0.418799835,0.418799835,0.418799835,0.418799835,0.418799835,0.418799835,0.418799835,0.539945942,0.539945942,0.539945942,0.539945942,0.539945942,0.539945942,0.539945942,0.539945942,0.539945942,0.539945942,0.548324315,0.548324315,0.548324315,0.548324315,0.548324315,0.548324315,0.548324315,0.548324315,0.548324315,0.548324315,0.548324315,0.548324315,0.548324315,0.548324315,0.548324315,0.548324315
"Frail Population.Initial prefrailty prevalance[Malay, male, age]",0,0,0,0,0,0,0,0,0,0,0,0,0,0,0,0,0,0,0,0,0,0,0,0,0,0,0,0,0,0,0,0,0,0,0,0,0,0,0,0,0,0,0,0,0,0,0,0,0,0,0,0.040232953,0.080465907,0.12069886,0.160931813,0.201164767,0.24139772,0.281630674,0.321863627,0.36209658,0.402329534,0.442562487,0.442562487,0.442562487,0.442562487,0.442562487,0.442562487,0.442562487,0.442562487,0.442562487,0.442562487,0.442562487,0.442562487,0.442562487,0.442562487,0.442562487,0.55355983,0.55355983,0.55355983,0.55355983,0.55355983,0.55355983,0.55355983,0.55355983,0.55355983,0.55355983,0.544072029,0.544072029,0.544072029,0.544072029,0.544072029,0.544072029,0.544072029,0.544072029,0.544072029,0.544072029,0.544072029,0.544072029,0.544072029,0.544072029,0.544072029,0.544072029
"Frail Population.Initial prefrailty prevalance[Malay, female, age]",0,0,0,0,0,0,0,0,0,0,0,0,0,0,0,0,0,0,0,0,0,0,0,0,0,0,0,0,0,0,0,0,0,0,0,0,0,0,0,0,0,0,0,0,0,0,0,0,0,0,0,0.046859594,0.093719189,0.140578783,0.187438377,0.234297972,0.281157566,0.32801716,0.374876755,0.421736349,0.468595944,0.515455538,0.515455538,0.515455538,0.515455538,0.515455538,0.515455538,0.515455538,0.515455538,0.515455538,0.515455538,0.515455538,0.515455538,0.515455538,0.515455538,0.515455538,0.614695939,0.614695939,0.614695939,0.614695939,0.614695939,0.614695939,0.614695939,0.614695939,0.614695939,0.614695939,0.590558606,0.590558606,0.590558606,0.590558606,0.590558606,0.590558606,0.590558606,0.590558606,0.590558606,0.590558606,0.590558606,0.590558606,0.590558606,0.590558606,0.590558606,0.590558606
"Frail Population.Initial prefrailty prevalance[Indian, male, age]",0,0,0,0,0,0,0,0,0,0,0,0,0,0,0,0,0,0,0,0,0,0,0,0,0,0,0,0,0,0,0,0,0,0,0,0,0,0,0,0,0,0,0,0,0,0,0,0,0,0,0,0.036234687,0.072469373,0.10870406,0.144938746,0.181173433,0.217408119,0.253642806,0.289877493,0.326112179,0.362346866,0.398581552,0.398581552,0.398581552,0.398581552,0.398581552,0.398581552,0.398581552,0.398581552,0.398581552,0.398581552,0.398581552,0.398581552,0.398581552,0.398581552,0.398581552,0.513718117,0.513718117,0.513718117,0.513718117,0.513718117,0.513718117,0.513718117,0.513718117,0.513718117,0.513718117,0.512652251,0.512652251,0.512652251,0.512652251,0.512652251,0.512652251,0.512652251,0.512652251,0.512652251,0.512652251,0.512652251,0.512652251,0.512652251,0.512652251,0.512652251,0.512652251
"Frail Population.Initial prefrailty prevalance[Indian, female, age]",0,0,0,0,0,0,0,0,0,0,0,0,0,0,0,0,0,0,0,0,0,0,0,0,0,0,0,0,0,0,0,0,0,0,0,0,0,0,0,0,0,0,0,0,0,0,0,0,0,0,0,0.042789583,0.085579165,0.128368748,0.171158331,0.213947914,0.256737496,0.299527079,0.342316662,0.385106245,0.427895827,0.47068541,0.47068541,0.47068541,0.47068541,0.47068541,0.47068541,0.47068541,0.47068541,0.47068541,0.47068541,0.47068541,0.47068541,0.47068541,0.47068541,0.47068541,0.577094945,0.577094945,0.577094945,0.577094945,0.577094945,0.577094945,0.577094945,0.577094945,0.577094945,0.577094945,0.560863941,0.560863941,0.560863941,0.560863941,0.560863941,0.560863941,0.560863941,0.560863941,0.560863941,0.560863941,0.560863941,0.560863941,0.560863941,0.560863941,0.560863941,0.560863941
"Frail Population.Initial prefrailty prevalance[Other, male, age]",0,0,0,0,0,0,0,0,0,0,0,0,0,0,0,0,0,0,0,0,0,0,0,0,0,0,0,0,0,0,0,0,0,0,0,0,0,0,0,0,0,0,0,0,0,0,0,0,0,0,0,0.027424943,0.054849885,0.082274828,0.109699771,0.137124714,0.164549656,0.191974599,0.219399542,0.246824484,0.274249427,0.30167437,0.30167437,0.30167437,0.30167437,0.30167437,0.30167437,0.30167437,0.30167437,0.30167437,0.30167437,0.30167437,0.30167437,0.30167437,0.30167437,0.30167437,0.412909929,0.412909929,0.412909929,0.412909929,0.412909929,0.412909929,0.412909929,0.412909929,0.412909929,0.412909929,0.420927251,0.420927251,0.420927251,0.420927251,0.420927251,0.420927251,0.420927251,0.420927251,0.420927251,0.420927251,0.420927251,0.420927251,0.420927251,0.420927251,0.420927251,0.420927251
"Frail Population.Initial prefrailty prevalance[Other, female, age]",0,0,0,0,0,0,0,0,0,0,0,0,0,0,0,0,0,0,0,0,0,0,0,0,0,0,0,0,0,0,0,0,0,0,0,0,0,0,0,0,0,0,0,0,0,0,0,0,0,0,0,0.03338796,0.06677592,0.10016388,0.13355184,0.1669398,0.20032776,0.23371572,0.26710368,0.30049164,0.3338796,0.36726756,0.36726756,0.36726756,0.36726756,0.36726756,0.36726756,0.36726756,0.36726756,0.36726756,0.36726756,0.36726756,0.36726756,0.36726756,0.36726756,0.36726756,0.477066706,0.477066706,0.477066706,0.477066706,0.477066706,0.477066706,0.477066706,0.477066706,0.477066706,0.477066706,0.470093432,0.470093432,0.470093432,0.470093432,0.470093432,0.470093432,0.470093432,0.470093432,0.470093432,0.470093432,0.470093432,0.470093432,0.470093432,0.470093432,0.470093432,0.470093432
Frail Population.relative risk mortality pre-frail diagnosed,1.58,,,,,,,,,,,,,,,,,,,,,,,,,,,,,,,,,,,,,,,,,,,,,,,,,,,,,,,,,,,,,,,,,,,,,,,,,,,,,,,,,,,,,,,,,,,,,,,,,,,,,
Frail Population.multiplying factor for mortality of frail people,1.44,,,,,,,,,,,,,,,,,,,,,,,,,,,,,,,,,,,,,,,,,,,,,,,,,,,,,,,,,,,,,,,,,,,,,,,,,,,,,,,,,,,,,,,,,,,,,,,,,,,,,
Frail Population.RR of transition for well managed,0.46,,,,,,,,,,,,,,,,,,,,,,,,,,,,,,,,,,,,,,,,,,,,,,,,,,,,,,,,,,,,,,,,,,,,,,,,,,,,,,,,,,,,,,,,,,,,,,,,,,,,,
Frail Population.proportion well managed,0.7,,,,,,,,,,,,,,,,,,,,,,,,,,,,,,,,,,,,,,,,,,,,,,,,,,,,,,,,,,,,,,,,,,,,,,,,,,,,,,,,,,,,,,,,,,,,,,,,,,,,,
Screening.screening cap opportunistic,10000,,,,,,,,,,,,,,,,,,,,,,,,,,,,,,,,,,,,,,,,,,,,,,,,,,,,,,,,,,,,,,,,,,,,,,,,,,,,,,,,,,,,,,,,,,,,,,,,,,,,,
Screening.screening cap universal,50000,,,,,,,,,,,,,,,,,,,,,,,,,,,,,,,,,,,,,,,,,,,,,,,,,,,,,,,,,,,,,,,,,,,,,,,,,,,,,,,,,,,,,,,,,,,,,,,,,,,,,
Screening.screening sensitivity,0.75,,,,,,,,,,,,,,,,,,,,,,,,,,,,,,,,,,,,,,,,,,,,,,,,,,,,,,,,,,,,,,,,,,,,,,,,,,,,,,,,,,,,,,,,,,,,,,,,,,,,,
Screening.screening specificity,0.75,,,,,,,,,,,,,,,,,,,,,,,,,,,,,,,,,,,,,,,,,,,,,,,,,,,,,,,,,,,,,,,,,,,,,,,,,,,,,,,,,,,,,,,,,,,,,,,,,,,,,
Screening.screening threshold age,70,,,,,,,,,,,,,,,,,,,,,,,,,,,,,,,,,,,,,,,,,,,,,,,,,,,,,,,,,,,,,,,,,,,,,,,,,,,,,,,,,,,,,,,,,,,,,,,,,,,,,
Frail Population.frailty start age,50,,,,,,,,,,,,,,,,,,,,,,,,,,,,,,,,,,,,,,,,,,,,,,,,,,,,,,,,,,,,,,,,,,,,,,,,,,,,,,,,,,,,,,,,,,,,,,,,,,,,,
"Frail Population.raw incidence rate pre-frail to frail[male, age]",0,0,0,0,0,0,0,0,0,0,0,0,0,0,0,0,0,0,0,0,0,0,0,0,0,0,0,0,0,0,0,0,0,0,0,0,0,0,0,0,0,0,0,0,0,0,0,0,0,0,0,0.022167524,0.023622023,0.025165314,0.026801955,0.028536628,0.030374128,0.032319351,0.034377278,0.036552958,0.038851486,0.041277982,0.043837566,0.046535327,0.049376297,0.052365413,0.055507487,0.058807163,0.062268884,0.065896848,0.069694966,0.073666823,0.077815636,0.082144209,0.086654898,0.091349572,0.096229576,0.101295701,0.106548158,0.111986553,0.117609869,0.123416457,0.129404026,0.13556965,0.141909767,0.1484202,0.155096174,0.155096174,0.155096174,0.155096174,0.155096174,0.155096174,0.155096174,0.155096174,0.155096174,0.155096174,0.155096174,0.155096174,0.155096174,0.155096174,0.155096174,0.155096174
"Frail Population.raw incidence rate pre-frail to frail[female, age]",0,0,0,0,0,0,0,0,0,0,0,0,0,0,0,0,0,0,0,0,0,0,0,0,0,0,0,0,0,0,0,0,0,0,0,0,0,0,0,0,0,0,0,0,0,0,0,0,0,0,0,0.020286957,0.021625475,0.023046681,0.024554944,0.026154771,0.027850797,0.029647775,0.031550562,0.03356411,0.035693442,0.037943639,0.040319813,0.042827089,0.045470569,0.048255313,0.051186298,0.054268389,0.057506301,0.060904558,0.064467458,0.068199031,0.072102991,0.076182704,0.080441138,0.08488083,0.08950384,0.094311722,0.099305486,0.10448557,0.109851818,0.115403457,0.121139085,0.127056659,0.133153501,0.139426294,0.145871098,0.145871098,0.145871098,0.145871098,0.145871098,0.145871098,0.145871098,0.145871098,0.145871098,0.145871098,0.145871098,0.145871098,0.145871098,0.145871098,0.145871098,0.145871098
"Frail Population.raw incidence rate robust to pre-frail[male, age]",0,0,0,0,0,0,0,0,0,0,0,0,0,0,0,0,0,0,0,0,0,0,0,0,0,0,0,0,0,0,0,0,0,0,0,0,0,0,0,0,0,0,0,0,0,0,0,0,0,0,0,0.051031205,0.054064947,0.057247801,0.060583665,0.06407618,0.067728696,0.07154423,0.075525432,0.079674551,0.083993397,0.088483313,0.093145143,0.097979214,0.102985308,0.108162652,0.113509902,0.119025146,0.124705893,0.13054909,0.136551129,0.142707865,0.149014637,0.155466303,0.162057265,0.168781512,0.175632657,0.182603982,0.189688481,0.196878911,0.204167834,0.211547671,0.219010743,0.22654932,0.234155662,0.241822064,0.249540893,0.249540893,0.249540893,0.249540893,0.249540893,0.249540893,0.249540893,0.249540893,0.249540893,0.249540893,0.249540893,0.249540893,0.249540893,0.249540893,0.249540893,0.249540893
"Frail Population.raw incidence rate robust to pre-frail[female, age]",0,0,0,0,0,0,0,0,0,0,0,0,0,0,0,0,0,0,0,0,0,0,0,0,0,0,0,0,0,0,0,0,0,0,0,0,0,0,0,0,0,0,0,0,0,0,0,0,0,0,0,0.047058432,0.049891999,0.052868913,0.055993365,0.05926934,0.062700585,0.066290567,0.070042435,0.073958989,0.078042637,0.082295361,0.086718692,0.091313669,0.096080824,0.101020151,0.106131096,0.111412538,0.116862783,0.122479568,0.128260055,0.134200851,0.140298016,0.146547087,0.152943106,0.159480646,0.166153854,0.172956483,0.179881938,0.186923319,0.194073471,0.201325025,0.208670452,0.216102105,0.22361227,0.231193205,0.238837186,0.238837186,0.238837186,0.238837186,0.238837186,0.238837186,0.238837186,0.238837186,0.238837186,0.238837186,0.238837186,0.238837186,0.238837186,0.238837186,0.238837186,0.238837186
